city,total_sales
Rio de Janeiro,10634524.710000405
São Paulo,4911402.53000003
Belo Horizonte,1647998.51
