city,total_sales
Rio de Janeiro,10634524.710000405
São Paulo,4911402.53000003
Belo Horizonte,1647998.51
Niterói,1249979.1199999987
Brasília,1240675.359999999
Salvador,979381.3899999993
Recife,744053.9599999996
Goiânia,721383.5899999995
Curitiba,715721.9899999993
Campinas,531740.1499999998
Vila Velha,479049.8799999997
São Gonçalo,452066.1599999991
Duque de Caxias,447371.9399999995
Porto Alegre,429754.71999999974
Vitória,425899.3799999998
